{
  "fecha": "09-2025",
  "cargo_fijo": 2632.6,
  "cargo_fijo_final_dia": 106.18153333333332,
  "piso": 47.894,
  "piso_final": 57.951739999999994,
  "piso_limite": 350,
  "excedente": 106.077,
  "excedente_final": 128.35317
}