{
  "fecha": "10-2025",
  "cargo_fijo": 2713.28,
  "cargo_fijo_final_dia": 105.90544516129033,
  "piso": 49.096,
  "piso_final": 59.40615999999999,
  "piso_limite": 350,
  "excedente": 106.604,
  "excedente_final": 128.99084
}