{
  "fecha": "08-2025",
  "cargo_fijo": 2558.41,
  "cargo_fijo_final_dia": 99.86051935483871,
  "piso": 46.524,
  "piso_final": 56.29404,
  "piso_limite": 350,
  "excedente": 105.461,
  "excedente_final": 127.60781
}