{
  "fecha": "07-2025",
  "cargo_fijo": 2508.2,
  "cargo_fijo_final_dia": 97.90070967741934,
  "piso": 45.308,
  "piso_final": 54.82268,
  "piso_limite": 350,
  "excedente": 104.558,
  "excedente_final": 126.51518
}