{
  "fecha": "06-2025",
  "cargo_fijo": 2491.23,
  "cargo_fijo_final_dia": 100.47961,
  "piso": 43.904,
  "piso_final": 53.12384,
  "piso_limite": 350,
  "excedente": 102.914,
  "excedente_final": 124.52593999999999
}