{
  "fecha": "05-2025",
  "cargo_fijo": 2414.31,
  "cargo_fijo_final_dia": 94.23597096774192,
  "piso": 42.365,
  "piso_final": 51.26165,
  "piso_limite": 350,
  "excedente": 101.036,
  "excedente_final": 122.25356
}